{"class_name": "Sequential", "config": {"name": "sequential_1", "layers": [{"class_name": "Embedding", "config": {"name": "embedding_1", "trainable": true, "batch_input_shape": [null, 70], "dtype": "float32", "input_dim": 4148, "output_dim": 64, "embeddings_initializer": {"class_name": "RandomUniform", "config": {"minval": -0.05, "maxval": 0.05, "seed": null}}, "embeddings_regularizer": null, "activity_regularizer": null, "embeddings_constraint": null, "mask_zero": true, "input_length": 70}}, {"class_name": "Bidirectional", "config": {"name": "bidirectional_1", "trainable": true, "layer": {"class_name": "LSTM", "config": {"name": "lstm_1", "trainable": true, "return_sequences": true, "return_state": false, "go_backwards": false, "stateful": false, "unroll": false, "units": 50, "activation": "tanh", "recurrent_activation": "hard_sigmoid", "use_bias": true, "kernel_initializer": {"class_name": "VarianceScaling", "config": {"scale": 1.0, "mode": "fan_avg", "distribution": "uniform", "seed": null}}, "recurrent_initializer": {"class_name": "Orthogonal", "config": {"gain": 1.0, "seed": null}}, "bias_initializer": {"class_name": "Zeros", "config": {}}, "unit_forget_bias": true, "kernel_regularizer": null, "recurrent_regularizer": null, "bias_regularizer": null, "activity_regularizer": null, "kernel_constraint": null, "recurrent_constraint": null, "bias_constraint": null, "dropout": 0.0, "recurrent_dropout": 0.1, "implementation": 1}}, "merge_mode": "concat"}}, {"class_name": "TimeDistributed", "config": {"name": "time_distributed_1", "trainable": true, "layer": {"class_name": "Dense", "config": {"name": "dense_1", "trainable": true, "units": 32, "activation": "relu", "use_bias": true, "kernel_initializer": {"class_name": "VarianceScaling", "config": {"scale": 1.0, "mode": "fan_avg", "distribution": "uniform", "seed": null}}, "bias_initializer": {"class_name": "Zeros", "config": {}}, "kernel_regularizer": null, "bias_regularizer": null, "activity_regularizer": null, "kernel_constraint": null, "bias_constraint": null}}}}, {"class_name": "CRF", "config": {"name": "crf_1", "trainable": true, "units": 10, "learn_mode": "join", "test_mode": "viterbi", "use_boundary": true, "use_bias": true, "sparse_target": false, "kernel_initializer": {"class_name": "VarianceScaling", "config": {"scale": 1.0, "mode": "fan_avg", "distribution": "uniform", "seed": null}}, "chain_initializer": {"class_name": "Orthogonal", "config": {"gain": 1.0, "seed": null}}, "boundary_initializer": {"class_name": "Zeros", "config": {}}, "bias_initializer": {"class_name": "Zeros", "config": {}}, "activation": "linear", "kernel_regularizer": null, "chain_regularizer": null, "boundary_regularizer": null, "bias_regularizer": null, "kernel_constraint": null, "chain_constraint": null, "boundary_constraint": null, "bias_constraint": null, "input_dim": 32, "unroll": false}}]}, "keras_version": "2.2.4", "backend": "tensorflow"}